{
    "0.0": 1.0000000000000002,
    "0.001": 1.0000000000000002,
    "0.002": 1.0000000000000002,
    "0.003": 1.0000000000000002,
    "0.004": 1.0000000000000002,
    "0.005": 1.0000000000000002,
    "0.006": 1.0000000000000002,
    "0.007": 1.0000000000000002,
    "0.009000000000000001": 1.0000000000000002,
    "0.009999999999999998": 0.6649557430826903,
    "0.011": 0.6641101233646426,
    "0.012": 0.6635473634422818,
    "0.013000000000000001": 0.6623296710482929,
    "0.014000000000000002": 0.6604718445277419,
    "0.015000000000000003": 0.6593116542745802,
    "0.017000000000000005": 0.6583603320917764,
    "0.018000000000000006": 0.6555906456419304,
    "0.019000000000000006": 0.6490151067143903,
    "0.020000000000000007": 0.6422483167939519,
    "0.021000000000000008": 0.6321008801773778,
    "0.02200000000000001": 0.6268800240381505,
    "0.02300000000000001": 0.6193765584066727,
    "0.02400000000000001": 0.61594700670351,
    "0.025000000000000012": 0.6120503910427456,
    "0.026000000000000013": 0.6032418523130807,
    "0.027000000000000014": 0.5908563421760733,
    "0.028000000000000014": 0.5769860647507937,
    "0.031000000000000014": 0.573892224075696,
    "0.032000000000000015": 0.5654949384022416,
    "0.033000000000000015": 0.5562585160952445,
    "0.03500000000000002": 0.5461288374927493,
    "0.03600000000000002": 0.5280008647870988,
    "0.03800000000000002": 0.5148497869320188,
    "0.03900000000000002": 0.49164936434765844,
    "0.04100000000000002": 0.4665687063202186,
    "0.04200000000000002": 0.44714172079102693,
    "0.043000000000000024": 0.43670000851257224,
    "0.045000000000000026": 0.4254945606921007,
    "0.04800000000000003": 0.41265171122424915,
    "0.04900000000000003": 0.3970652485811914,
    "0.055000000000000035": 0.3804841962130897,
    "0.056000000000000036": 0.35703586611472155,
    "0.06200000000000004": 0.33228514071394005,
    "0.06900000000000005": 0.2651068553263051,
    "0.07600000000000005": 0.12621001134821672,
    "0.07700000000000005": 0.06434221778992219
}