{
    "0.0": 0.0,
    "0.001": 0.0,
    "0.002": 0.0,
    "0.003": 0.0,
    "0.004": 0.0,
    "0.005": 0.0,
    "0.006": 0.0,
    "0.007": 0.0,
    "0.009000000000000001": 0.00024734387280243164,
    "0.009999999999999998": 5.8643062867009444e-05,
    "0.011": 1.115055952514137e-05,
    "0.012": 5.7905835790967064e-05,
    "0.013000000000000001": 1.8405544159831406e-05,
    "0.014000000000000002": 4.597616128773544e-05,
    "0.015000000000000003": 9.896016858807854e-05,
    "0.016000000000000004": 0.00013725827743044054,
    "0.017000000000000005": 8.231810510446222e-05,
    "0.018000000000000006": 9.7716097897257e-05,
    "0.019000000000000006": 8.619273604388965e-05,
    "0.020000000000000007": 0.00010053096491487347,
    "0.021000000000000008": 0.00011637715825958042,
    "0.02200000000000001": 0.00022301119050282774,
    "0.02300000000000001": 5.096501042163608e-05,
    "0.02400000000000001": 0.00011581167158193428,
    "0.025000000000000012": 0.0001963495408493623,
    "0.026000000000000013": 0.0005153552364752799,
    "0.027000000000000014": 8.244795760081064e-05,
    "0.028000000000000014": 0.00018390464515094198,
    "0.029000000000000015": 0.00020432080860907086,
    "0.030000000000000016": 0.0004523893421169309,
    "0.031000000000000014": 0.00024957649798158305,
    "0.032000000000000015": 0.0008235496645826437,
    "0.033000000000000015": 0.00030106510717881746,
    "0.034000000000000016": 0.00032927242041784905,
    "0.03500000000000002": 0.00035918876006043357,
    "0.03600000000000002": 0.0005862965873835423,
    "0.03700000000000002": 0.00021217479024304538,
    "0.04000000000000002": 0.00026808257310632943,
    "0.04100000000000002": 0.0002886956097040833,
    "0.044000000000000025": 0.00035681790480452454,
    "0.04600000000000003": 0.0004077200833730888,
    "0.04800000000000003": 0.0004632466863277374,
    "0.04900000000000003": 0.00098561395760583,
    "0.05000000000000003": 0.0005235987755982998,
    "0.05300000000000003": 0.0006236145193179846,
    "0.054000000000000034": 0.0006595836608064855,
    "0.05700000000000004": 0.0007757346243950075,
    "0.06000000000000004": 0.0018095573684677243,
    "0.06200000000000004": 0.0009983059919263329,
    "0.06400000000000004": 0.0010980662194435256,
    "0.11000000000000008": 0.005575279762570698
}