{
    "0.0": 1.0000000000000002,
    "0.001": 1.0000000000000002,
    "0.002": 1.0000000000000002,
    "0.003": 1.0000000000000002,
    "0.004": 1.0000000000000002,
    "0.005": 1.0000000000000002,
    "0.006": 1.0000000000000002,
    "0.007": 1.0000000000000002,
    "0.009000000000000001": 1.0000000000000002,
    "0.009999999999999998": 0.9881531073792045,
    "0.011": 0.9853443130441414,
    "0.012": 0.9848102408641457,
    "0.013000000000000001": 0.9820367570864377,
    "0.014000000000000002": 0.9811551969215614,
    "0.015000000000000003": 0.9789531021628719,
    "0.016000000000000004": 0.9742132617224529,
    "0.017000000000000005": 0.967639077953071,
    "0.018000000000000006": 0.9636963332193097,
    "0.019000000000000006": 0.9590160793444273,
    "0.020000000000000007": 0.9548877535563849,
    "0.021000000000000008": 0.9500726775534196,
    "0.02200000000000001": 0.9444986251954869,
    "0.02300000000000001": 0.9338171815955756,
    "0.02400000000000001": 0.931376138690239,
    "0.025000000000000012": 0.9258291711348231,
    "0.026000000000000013": 0.9164247258165314,
    "0.027000000000000014": 0.8917410411999971,
    "0.028000000000000014": 0.8877920769930653,
    "0.029000000000000015": 0.8789836979583074,
    "0.030000000000000016": 0.8691974572386141,
    "0.031000000000000014": 0.8475296152252704,
    "0.032000000000000015": 0.8355757877915755,
    "0.033000000000000015": 0.796130685175284,
    "0.034000000000000016": 0.7817107363154037,
    "0.03500000000000002": 0.765939757380358,
    "0.03600000000000002": 0.7487358920780967,
    "0.03700000000000002": 0.7206543688288032,
    "0.04000000000000002": 0.7104919502963781,
    "0.04100000000000002": 0.697651747621804,
    "0.044000000000000025": 0.6838242537384553,
    "0.04600000000000003": 0.6667339439785972,
    "0.04800000000000003": 0.6472056007359044,
    "0.04900000000000003": 0.6250177305142403,
    "0.05000000000000003": 0.577810324124835,
    "0.05300000000000003": 0.5527318032760575,
    "0.054000000000000034": 0.5228628836888299,
    "0.05700000000000004": 0.4912711700333747,
    "0.06000000000000004": 0.45411623794099343,
    "0.06200000000000004": 0.36744486988761826,
    "0.06400000000000004": 0.31962956015283867,
    "0.11000000000000008": 0.26703608999778317
}