{
    "0.0": 0.0,
    "0.001": 0.0,
    "0.002": 0.0,
    "0.003": 0.0,
    "0.004": 0.0,
    "0.005": 0.0,
    "0.006": 0.0,
    "0.007": 0.0,
    "0.009000000000000001": 5.700701211030937,
    "0.009999999999999998": 5.289215601846648,
    "0.011": 1.2064355481659106,
    "0.012": 1.1936920205895694,
    "0.013000000000000001": 1.3190999169659565,
    "0.014000000000000002": 1.1128864707303976,
    "0.015000000000000003": 2.5053340776670128,
    "0.016000000000000004": 4.08321449212089,
    "0.017000000000000005": 3.7955438383659907,
    "0.018000000000000006": 3.112027359270764,
    "0.019000000000000006": 3.1790032854533545,
    "0.020000000000000007": 3.2276603907448287,
    "0.021000000000000008": 3.7494209573084643,
    "0.02200000000000001": 5.866584288743472,
    "0.02300000000000001": 4.735885841968838,
    "0.02400000000000001": 2.882861082116429,
    "0.025000000000000012": 5.395942645298614,
    "0.026000000000000013": 12.302355340428486,
    "0.027000000000000014": 10.333480329881914,
    "0.028000000000000014": 4.604106181804301,
    "0.029000000000000015": 6.710770584270174,
    "0.030000000000000016": 11.3517316270766,
    "0.031000000000000014": 12.134010444888565,
    "0.032000000000000015": 18.54979732832882,
    "0.033000000000000015": 19.43981687928639,
    "0.034000000000000016": 10.895860890595191,
    "0.03500000000000002": 11.900572189739956,
    "0.03600000000000002": 16.34342930385934,
    "0.03700000000000002": 15.813136849041502,
    "0.04000000000000002": 7.5622819946064235,
    "0.04100000000000002": 7.7827353674896935,
    "0.044000000000000025": 5.031472929521155,
    "0.04600000000000003": 6.607808673965765,
    "0.04800000000000003": 13.026009104295575,
    "0.04900000000000003": 25.04465200786792,
    "0.05000000000000003": 27.06409082574864,
    "0.05300000000000003": 17.677939717714466,
    "0.054000000000000034": 18.06970664881174,
    "0.05700000000000004": 8.270187365019698,
    "0.06000000000000004": 22.343516525246486,
    "0.06200000000000004": 24.26802088977718,
    "0.06400000000000004": 16.571840035900465,
    "0.11000000000000008": 0.8252567423358416
}