{
    "0.0": 0.0,
    "0.001": 0.0,
    "0.002": 0.0,
    "0.003": 0.0,
    "0.004": 0.0,
    "0.005": 0.0,
    "0.006": 0.0,
    "0.007": 0.0,
    "0.009000000000000001": 0.00995788110134234,
    "0.009999999999999998": 2.5132741228718333e-05,
    "0.011": 1.6725839287712056e-05,
    "0.012": 3.619114736935442e-05,
    "0.013000000000000001": 5.5216632479494215e-05,
    "0.014000000000000002": 3.4482120965801584e-05,
    "0.015000000000000003": 2.8274333882308154e-05,
    "0.017000000000000005": 8.231810510446222e-05,
    "0.018000000000000006": 0.000195432195794514,
    "0.019000000000000006": 0.00020111638410240916,
    "0.020000000000000007": 0.0003015928947446204,
    "0.021000000000000008": 0.00015516954434610723,
    "0.02200000000000001": 0.00022301119050282774,
    "0.02300000000000001": 0.00010193002084327216,
    "0.02400000000000001": 0.00011581167158193428,
    "0.025000000000000012": 0.00026179938779914973,
    "0.026000000000000013": 0.0003681108831966285,
    "0.027000000000000014": 0.0004122397880040532,
    "0.028000000000000014": 9.195232257547099e-05,
    "0.031000000000000014": 0.00024957649798158305,
    "0.032000000000000015": 0.00027451655486088124,
    "0.033000000000000015": 0.00030106510717881746,
    "0.03500000000000002": 0.0005387831400906504,
    "0.03600000000000002": 0.00039086439158902823,
    "0.03800000000000002": 0.0006895418883511176,
    "0.03900000000000002": 0.0007454245384731729,
    "0.04100000000000002": 0.0005773912194081666,
    "0.04200000000000002": 0.0003103390886922146,
    "0.043000000000000024": 0.0003330381428119521,
    "0.045000000000000026": 0.0003817035074111605,
    "0.04800000000000003": 0.0004632466863277374,
    "0.04900000000000003": 0.000492806978802915,
    "0.055000000000000035": 0.0006969099703213371,
    "0.056000000000000036": 0.0007356185806037682,
    "0.06200000000000004": 0.0019966119838526657,
    "0.06900000000000005": 0.004128165844152525,
    "0.07600000000000005": 0.0018387783689363143,
    "0.07700000000000005": 0.0019123209585617494
}