{
    "0.0": 0.0,
    "0.001": 0.0,
    "0.002": 0.0,
    "0.003": 0.0,
    "0.004": 0.0,
    "0.005": 0.0,
    "0.006": 0.0,
    "0.007": 0.0,
    "0.009000000000000001": 156.61866462059285,
    "0.009999999999999998": 117.76046638337594,
    "0.011": 0.493767317314549,
    "0.012": 0.6242132012043962,
    "0.013000000000000001": 1.078253817516209,
    "0.014000000000000002": 1.0580939990968643,
    "0.015000000000000003": 0.6535141137600031,
    "0.017000000000000005": 1.4058838077100448,
    "0.018000000000000006": 3.276365783698343,
    "0.019000000000000006": 4.677720220439963,
    "0.020000000000000007": 5.9300007057818735,
    "0.021000000000000008": 5.388007940483799,
    "0.02200000000000001": 4.461051583751816,
    "0.02300000000000001": 3.833033710934,
    "0.02400000000000001": 2.5684992183176196,
    "0.025000000000000012": 4.454331644278687,
    "0.026000000000000013": 7.430474249751955,
    "0.027000000000000014": 9.20508179516915,
    "0.028000000000000014": 7.475002083981188,
    "0.031000000000000014": 4.59681741972448,
    "0.032000000000000015": 6.182245492621761,
    "0.033000000000000015": 5.501423389532436,
    "0.03500000000000002": 9.657837717169857,
    "0.03600000000000002": 10.010931007426127,
    "0.03800000000000002": 12.382081415040734,
    "0.03900000000000002": 13.7762217991128,
    "0.04100000000000002": 12.012303569180968,
    "0.04200000000000002": 10.471740974530688,
    "0.043000000000000024": 6.190563064763759,
    "0.045000000000000026": 3.557822542718369,
    "0.04800000000000003": 8.947179412228753,
    "0.04900000000000003": 9.644527248822769,
    "0.055000000000000035": 14.36963292481219,
    "0.056000000000000036": 14.506024637500412,
    "0.06200000000000004": 4.663270214845428,
    "0.06900000000000005": 10.32119880106114,
    "0.07600000000000005": 39.69732067919157,
    "0.07700000000000005": 43.38076691393937
}